cardId,ImageURL
1,https://vertical.pstatic.net/vertical-cardad/creatives/SS/1530/SS_1530_20241101-100614_ver.png
2,https://vertical.pstatic.net/vertical-cardad/creatives/SS/1531/SS_1531_20221229-134657_hor.png
3,https://vertical.pstatic.net/vertical-cardad/creatives/SH/1408/SH_1408_20230213-143750_ver.png
4,https://vertical.pstatic.net/vertical-cardad/creatives/LO/10304/LO_10304_20231114-020043_ver.png
5,https://vertical.pstatic.net/vertical-cardad/creatives/KB/115/KB_115_20230125-142026_hor.png
6,https://vertical.pstatic.net/vertical-cardad/creatives/KB/1692/KB_1692_20230125-142003_hor.png
7,https://vertical.pstatic.net/vertical-cardad/creatives/SS/3881/SS_3881_20221229-141914_hor.png
8,https://vertical.pstatic.net/vertical-cardad/creatives/SS/10157/SS_10157_20230103-181148_ver.png
9,https://vertical.pstatic.net/vertical-cardad/creatives/IB/10340/IB_10340_20240326-101050_hor.png
10,https://vertical.pstatic.net/vertical-cardad/creatives/KB/10216/KB_10216_20240314-135529_hor.png
11,https://vertical.pstatic.net/vertical-cardad/creatives/KB/1470/KB_1470_20231024-103817_hor.png
12,https://vertical.pstatic.net/vertical-cardad/creatives/LO/10387/LO_10387_20240702-103201_ver.png
13,https://vertical.pstatic.net/vertical-cardad/creatives/LO/10303/LO_10303_20231114-004652_ver.png
14,https://vertical.pstatic.net/vertical-cardad/creatives/KB/1294/KB_1294_20230308-153427_hor.png
15,https://vertical.pstatic.net/vertical-cardad/creatives/LO/10375/LO_10375_20240614-140841_ver.png
16,https://vertical.pstatic.net/vertical-cardad/creatives/KB/2332/KB_2332_20230215-134842_hor.png
17,https://vertical.pstatic.net/vertical-cardad/creatives/IB/3836/IB_3836_hor.png
18,https://vertical.pstatic.net/vertical-cardad/creatives/SS/10328/SS_10328_20240306-145101_ver.png
19,https://vertical.pstatic.net/vertical-cardad/creatives/SS/1465/SS_1465_20221229-134520_ver.png
20,https://vertical.pstatic.net/vertical-cardad/creatives/KB/3717/KB_3717_20230308-152833_hor.png
21,https://vertical.pstatic.net/vertical-cardad/creatives/IB/3878/IB_3878_hor.png
22,https://vertical.pstatic.net/vertical-cardad/creatives/LO/10391/LO_10391_20240702-104217_ver.png
23,https://vertical.pstatic.net/vertical-cardad/creatives/KB/10302/KB_10302_20231115-181801_hor.png
24,https://vertical.pstatic.net/vertical-cardad/creatives/LO/10071/LO_10071_20210802-162442_ver.png
25,https://vertical.pstatic.net/vertical-cardad/creatives/LO/10307/LO_10307_20231121-040446_ver.png
26,https://vertical.pstatic.net/vertical-cardad/creatives/SS/10126/SS_10126_20221229-134439_ver.png
27,https://vertical.pstatic.net/vertical-cardad/creatives/IB/10341/IB_10341_20240326-101521_hor.png
28,https://vertical.pstatic.net/vertical-cardad/creatives/IB/1202/IB_1202_hor.png
29,https://vertical.pstatic.net/vertical-cardad/creatives/KB/1451/KB_1451_20240126-112342_hor.png
30,https://vertical.pstatic.net/vertical-cardad/creatives/LO/10388/LO_10388_20240702-104039_hor.png
31,https://vertical.pstatic.net/vertical-cardad/creatives/SS/10102/SS_10102_20230217-102927_ver.png
32,https://vertical.pstatic.net/vertical-cardad/creatives/SS/593/SS_593_20230103-175539_hor.png
33,https://vertical.pstatic.net/vertical-cardad/creatives/LO/10107/LO_10107_20211111-174314_ver.png
34,https://vertical.pstatic.net/vertical-cardad/creatives/KB/10301/KB_10301_20231115-161338_hor.png
35,https://vertical.pstatic.net/vertical-cardad/creatives/LO/10105/LO_10105_20211111-160041_ver.png
36,https://vertical.pstatic.net/vertical-cardad/creatives/LO/10141/LO_10141_20220401-175950_hor.png
37,https://vertical.pstatic.net/vertical-cardad/creatives/LO/10106/LO_10106_20211111-171423_ver.png
38,https://vertical.pstatic.net/vertical-cardad/creatives/LO/1322/LO_1322_hor.png
39,https://vertical.pstatic.net/vertical-cardad/creatives/LO/10306/LO_10306_20231114-163944_ver.png
40,https://vertical.pstatic.net/vertical-cardad/creatives/LO/10310/LO_10310_20231130-011130_ver.png
41,https://vertical.pstatic.net/vertical-cardad/creatives/LO/1684/LO_1684_20220915-160142_hor.png
42,https://vertical.pstatic.net/vertical-cardad/creatives/SS/10256/SS_10256_20230602-133911_ver.png
43,https://vertical.pstatic.net/vertical-cardad/creatives/SS/1695/SS_1695_20230103-175044_hor.png
44,https://vertical.pstatic.net/vertical-cardad/creatives/LO/10108/LO_10108_20211111-182305_ver.png
45,https://vertical.pstatic.net/vertical-cardad/creatives/KB/10332/KB_10332_20240829-110648_ver.png
46,https://vertical.pstatic.net/vertical-cardad/creatives/LO/10305/LO_10305_20231114-025827_ver.png
47,https://vertical.pstatic.net/vertical-cardad/creatives/LO/10176/LO_10176_20220823-135019_hor.png
48,https://vertical.pstatic.net/vertical-cardad/creatives/LO/10390/LO_10390_20240702-104058_ver.png
49,https://vertical.pstatic.net/vertical-cardad/creatives/SS/3857/SS_3857_20230103-174906_hor.png
50,https://vertical.pstatic.net/vertical-cardad/creatives/SS/10349/SS_10349_20240417-175252_ver.png
51,https://vertical.pstatic.net/vertical-cardad/creatives/KB/1316/KB_1316_20230308-153352_hor.png
52,https://vertical.pstatic.net/vertical-cardad/creatives/LO/10309/LO_10309_20231130-001110_hor.png
53,https://vertical.pstatic.net/vertical-cardad/creatives/WR/10333/WR_10333_20240325-114427_ver.png
54,https://vertical.pstatic.net/vertical-cardad/creatives/WR/10286/WR_10286_20230725-123934_ver.png
55,https://vertical.pstatic.net/vertical-cardad/creatives/SS/10184/SS_10184_20221004-224031_ver.png
56,https://vertical.pstatic.net/vertical-cardad/creatives/SS/10103/SS_10103_20230103-181015_ver.png
57,https://vertical.pstatic.net/vertical-cardad/creatives/BC/10295/BC_10295_20231010-091537_ver.png
58,https://vertical.pstatic.net/vertical-cardad/creatives/BC/10171/BC_10171_20220803-153235_ver.png
59,https://vertical.pstatic.net/vertical-cardad/creatives/WR/10345/WR_10345_20240402-145101_ver.png
60,https://vertical.pstatic.net/vertical-cardad/creatives/IB/1715/IB_1715_hor.png
61,https://vertical.pstatic.net/vertical-cardad/creatives/BC/10172/BC_10172_20220803-162825_ver.png
62,https://vertical.pstatic.net/vertical-cardad/creatives/SS/10146/SS_10146_20230103-181035_ver.png
63,https://vertical.pstatic.net/vertical-cardad/creatives/SS/10281/SS_10281_20230719-115645_hor.png
64,https://vertical.pstatic.net/vertical-cardad/creatives/SS/3896/SS_3896_20230103-174943_hor.png
65,https://vertical.pstatic.net/vertical-cardad/creatives/SS/10282/SS_10282_20230719-152544_ver.png
66,https://vertical.pstatic.net/vertical-cardad/creatives/KB/10386/KB_10386_20240704-101806_ver.png
67,https://vertical.pstatic.net/vertical-cardad/creatives/SS/10284/SS_10284_20230720-171210_ver.png
68,https://vertical.pstatic.net/vertical-cardad/creatives/BC/10321/BC_10321_20240215-152351_ver.png
69,https://vertical.pstatic.net/vertical-cardad/creatives/SS/2776/SS_2776_20230103-175020_hor.png
70,https://vertical.pstatic.net/vertical-cardad/creatives/BC/10357/BC_10357_20240520-092416_ver.png
71,https://vertical.pstatic.net/vertical-cardad/creatives/SS/10280/SS_10280_20230719-142937_ver.png
72,https://vertical.pstatic.net/vertical-cardad/creatives/KB/2612/KB_2612_20240126-104113_hor.png
73,https://vertical.pstatic.net/vertical-cardad/creatives/SS/10156/SS_10156_20230104-152239_ver.png
74,https://vertical.pstatic.net/vertical-cardad/creatives/LO/3856/LO_3856_hor.png
75,https://vertical.pstatic.net/vertical-cardad/creatives/SS/10279/SS_10279_20230719-130831_ver.png
76,https://vertical.pstatic.net/vertical-cardad/creatives/WR/10376/WR_10376_20240624-154009_ver.png
77,https://vertical.pstatic.net/vertical-cardad/creatives/SS/10311/SS_10311_20231213-104200_ver.png
78,https://vertical.pstatic.net/vertical-cardad/creatives/BC/10329/BC_10329_20240311-155036_ver.png
79,https://vertical.pstatic.net/vertical-cardad/creatives/SS/10397/SS_10397_20240710-133519_ver.png
80,https://vertical.pstatic.net/vertical-cardad/creatives/BC/10168/BC_10168_20230925-133343_ver.png
81,https://vertical.pstatic.net/vertical-cardad/creatives/BC/10169/BC_10169_20230925-133327_ver.png
82,https://vertical.pstatic.net/vertical-cardad/creatives/BC/10268/BC_10268_20240424-091041_ver.png
83,https://vertical.pstatic.net/vertical-cardad/creatives/SS/10342/SS_10342_20240329-103302_ver.png
84,https://vertical.pstatic.net/vertical-cardad/creatives/SS/10237/SS_10237_20230302-201230_ver.png
85,https://vertical.pstatic.net/vertical-cardad/creatives/SS/10246/SS_10246_20230414-174718_ver.png
86,https://vertical.pstatic.net/vertical-cardad/creatives/WR/10403/WR_10403_20240807-173452_ver.png
87,https://vertical.pstatic.net/vertical-cardad/creatives/WR/10347/WR_10347_20240403-175029_ver.png
88,https://vertical.pstatic.net/vertical-cardad/creatives/BC/10398/BC_10398_20240708-135527_ver.png
89,https://vertical.pstatic.net/vertical-cardad/creatives/SH/10402/SH_10402_20240802-134435_ver.png
90,https://vertical.pstatic.net/vertical-cardad/creatives/IB/10354/IB_10354_20240503-164800_ver.png
91,https://vertical.pstatic.net/vertical-cardad/creatives/SH/2337/SH_2337_20240105-105602_ver.png
92,https://vertical.pstatic.net/vertical-cardad/creatives/SS/10343/SS_10343_20240329-110153_ver.png
93,https://vertical.pstatic.net/vertical-cardad/creatives/SS/10432/SS_10432_20241121-144910_ver.png
94,https://vertical.pstatic.net/vertical-cardad/creatives/IB/10193/IB_10193_20221109-160236_hor.png
95,https://vertical.pstatic.net/vertical-cardad/creatives/SH/10234/SH_10234_20230224-134132_ver.png
96,https://vertical.pstatic.net/vertical-cardad/creatives/IB/1342/IB_1342_hor.png
97,https://vertical.pstatic.net/vertical-cardad/creatives/IB/2345/IB_2345_hor.png
98,https://vertical.pstatic.net/vertical-cardad/creatives/IB/1203/IB_1203_hor.png
99,https://vertical.pstatic.net/vertical-cardad/creatives/WR/10348/WR_10348_20240417-111454_ver.png
100,https://vertical.pstatic.net/vertical-cardad/creatives/WR/10360/WR_10360_20240524-104544_hor.png
101,https://vertical.pstatic.net/vertical-cardad/creatives/SH/10409/SH_10409_20240923-171225_ver.png
102,https://vertical.pstatic.net/vertical-cardad/creatives/KB/10267/KB_10267_20240424-101143_ver.png
103,https://vertical.pstatic.net/vertical-cardad/creatives/WR/10344/WR_10344_20240402-103053_ver.png
104,https://vertical.pstatic.net/vertical-cardad/creatives/SH/10416/SH_10416_20241101-165555_ver.png
105,https://vertical.pstatic.net/vertical-cardad/creatives/SS/10130/SS_10130_20230103-175640_ver.png
106,https://vertical.pstatic.net/vertical-cardad/creatives/SS/4047/SS_4047_20221229-134221_hor.png
107,https://vertical.pstatic.net/vertical-cardad/creatives/SS/10100/SS_10100_20230103-174044_ver.png
108,https://vertical.pstatic.net/vertical-cardad/creatives/SS/10134/SS_10134_20230103-175701_ver.png
109,https://vertical.pstatic.net/vertical-cardad/creatives/WR/10045/WR_10045_20210305-164718_hor.png
110,https://vertical.pstatic.net/vertical-cardad/creatives/IB/1260/IB_1260_hor.png
111,https://vertical.pstatic.net/vertical-cardad/creatives/SH/10429/SH_10429_20241119-132453_hor.png
112,https://vertical.pstatic.net/vertical-cardad/creatives/IB/10266/IB_10266_20230619-162634_hor.png
113,https://vertical.pstatic.net/vertical-cardad/creatives/IB/10232/IB_10232_20230221-105307_hor.png
114,https://vertical.pstatic.net/vertical-cardad/creatives/SH/1385/SH_1385_20231220-181630_ver.png
115,https://vertical.pstatic.net/vertical-cardad/creatives/KB/10039/KB_10039_20230308-153417_hor.png
116,https://vertical.pstatic.net/vertical-cardad/creatives/IB/1360/IB_1360_hor.png
117,https://vertical.pstatic.net/vertical-cardad/creatives/IB/3837/IB_3837_hor.png
118,https://vertical.pstatic.net/vertical-cardad/creatives/SH/1772/SH_1772_20220711-155854_ver.png
119,https://vertical.pstatic.net/vertical-cardad/creatives/SH/10355/SH_10355_20240503-190550_ver.png
120,https://vertical.pstatic.net/vertical-cardad/creatives/SH/2797/SH_2797_20241111-103501_ver.png
121,https://vertical.pstatic.net/vertical-cardad/creatives/SH/2348/SH_2348_hor.png
122,https://vertical.pstatic.net/vertical-cardad/creatives/HD/10322/HD_10322_20241111-165101_ver.png
123,https://vertical.pstatic.net/vertical-cardad/creatives/HD/10323/HD_10323_20241111-165124_ver.png
124,https://vertical.pstatic.net/vertical-cardad/creatives/HD/10337/HD_10337_20240325-211613_ver.png
125,https://vertical.pstatic.net/vertical-cardad/creatives/SH/10035/SH_10035_20210303-152640_hor.png
126,https://vertical.pstatic.net/vertical-cardad/creatives/HD/10334/HD_10334_20240325-153517_ver.png
127,https://vertical.pstatic.net/vertical-cardad/creatives/HD/10338/HD_10338_20240325-222708_ver.png
128,https://vertical.pstatic.net/vertical-cardad/creatives/SH/10364/SH_10364_20240528-173326_ver.png
129,https://vertical.pstatic.net/vertical-cardad/creatives/IB/10046/IB_10046_20210311-160748_ver.png
130,https://vertical.pstatic.net/vertical-cardad/creatives/WR/10330/WR_10330_20240307-160912_ver.png
131,https://vertical.pstatic.net/vertical-cardad/creatives/HD/10407/HD_10407_20240812-170341_ver.png
132,https://vertical.pstatic.net/vertical-cardad/creatives/WR/10290/WR_10290_20230817-111237_ver.png
133,https://vertical.pstatic.net/vertical-cardad/creatives/SK/10395/SK_10395_20240906-103044_ver.png
134,https://vertical.pstatic.net/vertical-cardad/creatives/WR/10331/WR_10331_20240307-163355_ver.png
135,https://vertical.pstatic.net/vertical-cardad/creatives/KB/99/KB_99_20230308-153721_hor.png
136,https://vertical.pstatic.net/vertical-cardad/creatives/SH/10053/SH_10053_20231127-160206_hor.png
137,https://vertical.pstatic.net/vertical-cardad/creatives/WR/10315/WR_10315_20240104-101941_ver.png
138,https://vertical.pstatic.net/vertical-cardad/creatives/HD/10413/HD_10413_20240923-221127_ver.png
139,https://vertical.pstatic.net/vertical-cardad/creatives/KB/3638/KB_3638_20230308-153603_hor.png
140,https://vertical.pstatic.net/vertical-cardad/creatives/HD/10408/HD_10408_20240812-173908_ver.png
141,https://vertical.pstatic.net/vertical-cardad/creatives/SH/10327/SH_10327_20240304-100741_ver.png
142,https://vertical.pstatic.net/vertical-cardad/creatives/SK/10396/SK_10396_20240717-161245_ver.png
143,https://vertical.pstatic.net/vertical-cardad/creatives/IB/1340/IB_1340_hor.png
144,https://vertical.pstatic.net/vertical-cardad/creatives/HD/10411/HD_10411_20240923-220929_ver.png
145,https://vertical.pstatic.net/vertical-cardad/creatives/KB/2857/KB_2857_20230308-152855_hor.png
146,https://vertical.pstatic.net/vertical-cardad/creatives/HD/10339/HD_10339_20240325-225530_ver.png
147,https://vertical.pstatic.net/vertical-cardad/creatives/KB/2856/KB_2856_20230308-152844_hor.png
148,https://vertical.pstatic.net/vertical-cardad/creatives/HD/10359/HD_10359_20240521-140910_ver.png
149,https://vertical.pstatic.net/vertical-cardad/creatives/SH/10294/SH_10294_20231006-114449_ver.png
150,https://vertical.pstatic.net/vertical-cardad/creatives/HD/10353/HD_10353_20240430-195202_ver.png
151,https://vertical.pstatic.net/vertical-cardad/creatives/KB/10204/KB_10204_20230308-153936_hor.png
152,https://vertical.pstatic.net/vertical-cardad/creatives/HD/10378/HD_10378_20240626-174309_ver.png
153,https://vertical.pstatic.net/vertical-cardad/creatives/SH/1571/SH_1571_20221220-111828_ver.png
154,https://vertical.pstatic.net/vertical-cardad/creatives/SK/10371/SK_10371_20240619-095356_ver.png
155,https://vertical.pstatic.net/vertical-cardad/creatives/SK/10320/SK_10320_20240216-165136_ver.png
156,https://vertical.pstatic.net/vertical-cardad/creatives/SH/10218/SH_10218_20230109-121417_ver.png
157,https://vertical.pstatic.net/vertical-cardad/creatives/SK/10373/SK_10373_20240618-173723_ver.png
158,https://vertical.pstatic.net/vertical-cardad/creatives/SK/10372/SK_10372_20240618-180009_ver.png
159,https://vertical.pstatic.net/vertical-cardad/creatives/BC/10431/BC_10431_20241120-144645_ver.png
160,https://vertical.pstatic.net/vertical-cardad/creatives/HD/10384/HD_10384_20240627-164115_ver.png
161,https://vertical.pstatic.net/vertical-cardad/creatives/SH/10185/SH_10185_20221129-114601_ver.png
162,https://vertical.pstatic.net/vertical-cardad/creatives/LO/2226/LO_2226_hor.png
163,https://vertical.pstatic.net/vertical-cardad/creatives/LO/10352/LO_10352_20240423-163429_ver.png
164,https://vertical.pstatic.net/vertical-cardad/creatives/NH/10346/NH_10346_20240402-194727_ver.png
165,https://vertical.pstatic.net/vertical-cardad/creatives/HD/10385/HD_10385_20240628-103638_ver.png
166,https://vertical.pstatic.net/vertical-cardad/creatives/KB/710/KB_710_20230308-153437_hor.png
167,https://vertical.pstatic.net/vertical-cardad/creatives/IB/1337/IB_1337_hor.png
168,https://vertical.pstatic.net/vertical-cardad/creatives/SK/2716/SK_2716_hor.png
169,https://vertical.pstatic.net/vertical-cardad/creatives/NH/10358/NH_10358_20240523-120123_ver.png
170,https://vertical.pstatic.net/vertical-cardad/creatives/HD/10368/HD_10368_20240709-142732_ver.png
171,https://vertical.pstatic.net/vertical-cardad/creatives/SK/10197/SK_10197_20230112-105558_ver.png
172,https://vertical.pstatic.net/vertical-cardad/creatives/SK/10252/SK_10252_20230509-101354_ver.png
173,https://vertical.pstatic.net/vertical-cardad/creatives/LO/10033/LO_10033_20210202-194432_hor.png
174,https://vertical.pstatic.net/vertical-cardad/creatives/SK/2717/SK_2717_hor.png
175,https://vertical.pstatic.net/vertical-cardad/creatives/SK/10076/SK_10076_20210820-111650_hor.png
176,https://vertical.pstatic.net/vertical-cardad/creatives/LO/10276/LO_10276_20230717-153220_hor.PNG
177,https://vertical.pstatic.net/vertical-cardad/creatives/HD/10383/HD_10383_20240627-164940_ver.png
178,https://vertical.pstatic.net/vertical-cardad/creatives/NH/10313/NH_10313_20240109-150806_ver.png
179,https://vertical.pstatic.net/vertical-cardad/creatives/SS/2418/SS_2418_20230103-175201_hor.png
180,https://vertical.pstatic.net/vertical-cardad/creatives/NH/1614/NH_1614_20230111-163728_hor.png
181,https://vertical.pstatic.net/vertical-cardad/creatives/SS/10406/SS_10406_20240813-094155_ver.png
182,https://vertical.pstatic.net/vertical-cardad/creatives/SH/1384/SH_1384_hor.png
183,https://vertical.pstatic.net/vertical-cardad/creatives/KB/3076/KB_3076_20230308-153450_hor.png
184,https://vertical.pstatic.net/vertical-cardad/creatives/LO/247/LO_247_hor.png
185,https://vertical.pstatic.net/vertical-cardad/creatives/LO/10317/LO_10317_20240110-202003_ver.png
186,https://vertical.pstatic.net/vertical-cardad/creatives/SK/2349/SK_2349_hor.png
187,https://vertical.pstatic.net/vertical-cardad/creatives/SK/10189/SK_10189_20221019-141219_hor.png
188,https://vertical.pstatic.net/vertical-cardad/creatives/IB/2185/IB_2185_hor.png
189,https://vertical.pstatic.net/vertical-cardad/creatives/LO/10389/LO_10389_20240702-104050_ver.png
190,https://vertical.pstatic.net/vertical-cardad/creatives/NH/10314/NH_10314_20241105-161119_ver.png
191,https://vertical.pstatic.net/vertical-cardad/creatives/NH/10219/NH_10219_20230116-172615_ver.png
192,https://vertical.pstatic.net/vertical-cardad/creatives/SS/2676/SS_2676_20221102-175329_hor.png
193,https://vertical.pstatic.net/vertical-cardad/creatives/NH/10350/NH_10350_20240418-181421_ver.png
194,https://vertical.pstatic.net/vertical-cardad/creatives/SH/2533/SH_2533_hor.png
195,https://vertical.pstatic.net/vertical-cardad/creatives/NH/10264/NH_10264_20230613-165658_ver.png
196,https://vertical.pstatic.net/vertical-cardad/creatives/IB/2343/IB_2343_hor.png
197,https://vertical.pstatic.net/vertical-cardad/creatives/SK/10225/SK_10225_20230117-155318_hor.png
198,https://vertical.pstatic.net/vertical-cardad/creatives/SH/10066/SH_10066_20210629-113313_hor.png
199,https://vertical.pstatic.net/vertical-cardad/creatives/SH/3756/SH_3756_20230721-100538_ver.png
200,https://vertical.pstatic.net/vertical-cardad/creatives/LO/2888/LO_2888_ver.png
201,https://vertical.pstatic.net/vertical-cardad/creatives/SH/1388/SH_1388_hor.png
202,https://vertical.pstatic.net/vertical-cardad/creatives/SS/10236/SS_10236_20230302-194422_ver.png
203,https://vertical.pstatic.net/vertical-cardad/creatives/HD/10361/HD_10361_20240524-104940_hor.png
204,https://vertical.pstatic.net/vertical-cardad/creatives/SS/10417/SS_10417_20241023-182541_ver.png
205,https://vertical.pstatic.net/vertical-cardad/creatives/HD/10318/HD_10318_20240111-153734_ver.png
206,https://vertical.pstatic.net/vertical-cardad/creatives/SH/2886/SH_2886_hor.png
207,https://vertical.pstatic.net/vertical-cardad/creatives/NH/10262/NH_10262_20230608-180723_hor.png
208,https://vertical.pstatic.net/vertical-cardad/creatives/SH/10410/SH_10410_20240923-171334_ver.png
209,https://vertical.pstatic.net/vertical-cardad/creatives/NH/2206/NH_2206_hor.png
210,https://vertical.pstatic.net/vertical-cardad/creatives/SH/2885/SH_2885_hor.png
211,https://vertical.pstatic.net/vertical-cardad/creatives/SH/1591/SH_1591_hor.png
212,https://vertical.pstatic.net/vertical-cardad/creatives/HD/10199/HD_10199_20221202-155248_ver.png
213,https://vertical.pstatic.net/vertical-cardad/creatives/SH/10151/SH_10151_20231113-165157_ver.png
214,https://vertical.pstatic.net/vertical-cardad/creatives/NH/3776/NH_3776_20231110-151618_hor.png
215,https://vertical.pstatic.net/vertical-cardad/creatives/NH/3055/NH_3055_20231018-165128_hor.png
216,https://vertical.pstatic.net/vertical-cardad/creatives/SH/10415/SH_10415_20240924-113943_hor.png
217,https://vertical.pstatic.net/vertical-cardad/creatives/NH/10233/NH_10233_20230224-162949_ver.png
218,https://vertical.pstatic.net/vertical-cardad/creatives/SK/10226/SK_10226_20230117-161116_hor.png
219,https://vertical.pstatic.net/vertical-cardad/creatives/HD/10394/HD_10394_20240708-112815_ver.png
220,https://vertical.pstatic.net/vertical-cardad/creatives/NH/1400/NH_1400_20231020-160231_hor.png
221,https://vertical.pstatic.net/vertical-cardad/creatives/HD/10405/HD_10405_20240812-134627_ver.PNG
222,https://vertical.pstatic.net/vertical-cardad/creatives/LO/870/LO_870_hor.png
223,https://vertical.pstatic.net/vertical-cardad/creatives/SH/10207/SH_10207_20221215-153223_ver.png
224,https://vertical.pstatic.net/vertical-cardad/creatives/SK/10223/SK_10223_20230117-151657_hor.png
225,https://vertical.pstatic.net/vertical-cardad/creatives/NH/652/NH_652_20230214-135141_hor.png
226,https://vertical.pstatic.net/vertical-cardad/creatives/SH/1773/SH_1773_hor.png
227,https://vertical.pstatic.net/vertical-cardad/creatives/HC/1153/HC_1153_20210122-145934_hor.png
228,https://vertical.pstatic.net/vertical-cardad/creatives/NH/10096/NH_10096_20211012-163552_hor.png
229,https://vertical.pstatic.net/vertical-cardad/creatives/NH/10160/NH_10160_20220728-105743_hor.png
230,https://vertical.pstatic.net/vertical-cardad/creatives/HD/10369/HD_10369_20240604-142229_ver.png
231,https://vertical.pstatic.net/vertical-cardad/creatives/HD/10400/HD_10400_20240724-101335_ver.png
232,https://vertical.pstatic.net/vertical-cardad/creatives/SH/3258/SH_3258_hor.png
233,https://vertical.pstatic.net/vertical-cardad/creatives/SH/1292/SH_1292_hor.png
234,https://vertical.pstatic.net/vertical-cardad/creatives/NH/10181/NH_10181_20220919-111151_ver.png
235,https://vertical.pstatic.net/vertical-cardad/creatives/NH/10187/NH_10187_20221018-133846_ver.png
236,https://vertical.pstatic.net/vertical-cardad/creatives/SH/1570/SH_1570_hor.png
237,https://vertical.pstatic.net/vertical-cardad/creatives/NH/10128/NH_10128_20220113-174853_ver.png
238,https://vertical.pstatic.net/vertical-cardad/creatives/NH/2511/NH_2511_20230111-164130_hor.png
239,https://vertical.pstatic.net/vertical-cardad/creatives/LO/3936/LO_3936_ver.png
240,https://vertical.pstatic.net/vertical-cardad/creatives/HD/10362/HD_10362_20240524-101503_hor.png
241,https://vertical.pstatic.net/vertical-cardad/creatives/WR/10316/WR_10316_20240104-112354_ver.png
242,https://vertical.pstatic.net/vertical-cardad/creatives/SH/3257/SH_3257_hor.png
243,https://vertical.pstatic.net/vertical-cardad/creatives/SS/10235/SS_10235_20230302-190107_ver.png
244,https://vertical.pstatic.net/vertical-cardad/creatives/HD/10325/HD_10325_20240229-101701_ver.png
245,https://vertical.pstatic.net/vertical-cardad/creatives/NH/3556/NH_3556_20230523-171413_hor.png
246,https://vertical.pstatic.net/vertical-cardad/creatives/HD/10247/HD_10247_20230411-002456_ver.png
247,https://vertical.pstatic.net/vertical-cardad/creatives/HD/10399/HD_10399_20240724-095830_ver.png
248,https://vertical.pstatic.net/vertical-cardad/creatives/NH/10138/NH_10138_20220325-113621_hor.png
249,https://vertical.pstatic.net/vertical-cardad/creatives/HD/10401/HD_10401_20240724-103054_ver.png
250,https://vertical.pstatic.net/vertical-cardad/creatives/NH/10097/NH_10097_20211012-171045_hor.png
251,https://vertical.pstatic.net/vertical-cardad/creatives/HD/10336/HD_10336_20240325-191557_ver.png
252,https://vertical.pstatic.net/vertical-cardad/creatives/SH/2976/SH_2976_ver.png
253,https://vertical.pstatic.net/vertical-cardad/creatives/NH/3996/NH_3996_hor.png
254,https://vertical.pstatic.net/vertical-cardad/creatives/NH/10164/NH_10164_20220809-100545_ver.png
255,https://vertical.pstatic.net/vertical-cardad/creatives/SS/3959/SS_3959_20230103-180745_hor.png
256,https://vertical.pstatic.net/vertical-cardad/creatives/IB/2615/IB_2615_ver.png
257,https://vertical.pstatic.net/vertical-cardad/creatives/NH/10261/NH_10261_20230608-150731_ver.png
258,https://vertical.pstatic.net/vertical-cardad/creatives/LO/10312/LO_10312_20231226-201027_ver.png
259,https://vertical.pstatic.net/vertical-cardad/creatives/KB/10420/KB_10420_20241030-144956_ver.png
260,https://vertical.pstatic.net/vertical-cardad/creatives/NH/3237/NH_3237_20221212-090817_hor.png
261,https://vertical.pstatic.net/vertical-cardad/creatives/NH/10297/NH_10297_20231022-162956_ver.png
262,https://vertical.pstatic.net/vertical-cardad/creatives/HD/10404/HD_10404_20240812-130911_ver.PNG
263,https://vertical.pstatic.net/vertical-cardad/creatives/HD/10363/HD_10363_20240524-103830_hor.png
264,https://vertical.pstatic.net/vertical-cardad/creatives/HD/10249/HD_10249_20230411-002609_ver.png
265,https://vertical.pstatic.net/vertical-cardad/creatives/NH/3716/NH_3716_hor.png
266,https://vertical.pstatic.net/vertical-cardad/creatives/SH/2532/SH_2532_hor.png
267,https://vertical.pstatic.net/vertical-cardad/creatives/SH/4016/SH_4016_20220517-105610_ver.png
268,https://vertical.pstatic.net/vertical-cardad/creatives/SH/10245/SH_10245_20230331-174419_ver.png
269,https://vertical.pstatic.net/vertical-cardad/creatives/SS/10374/SS_10374_20240611-163818_ver.png
270,https://vertical.pstatic.net/vertical-cardad/creatives/LO/4096/LO_4096_20201217-114017_hor.png
271,https://vertical.pstatic.net/vertical-cardad/creatives/LO/10029/LO_10029_20210126-154759_hor.png
272,https://vertical.pstatic.net/vertical-cardad/creatives/LO/10271/LO_10271_20230630-151332_hor.png
273,https://vertical.pstatic.net/vertical-cardad/creatives/SH/10260/SH_10260_20230607-141031_ver.png
274,https://vertical.pstatic.net/vertical-cardad/creatives/HD/10335/HD_10335_20240325-181305_ver.png
275,https://vertical.pstatic.net/vertical-cardad/creatives/NH/1243/NH_1243_20231018-164008_hor.png
276,https://vertical.pstatic.net/vertical-cardad/creatives/NH/10241/NH_10241_20230323-133544_hor.png
277,https://vertical.pstatic.net/vertical-cardad/creatives/NH/3436/NH_3436_20231110-155044_hor.png
278,https://vertical.pstatic.net/vertical-cardad/creatives/NH/10132/NH_10132_20220207-131312_hor.png
279,https://vertical.pstatic.net/vertical-cardad/creatives/SS/2836/SS_2836_20230103-174717_hor.png
280,https://vertical.pstatic.net/vertical-cardad/creatives/IB/10291/IB_10291_20230831-164706_hor.png
281,https://vertical.pstatic.net/vertical-cardad/creatives/IB/10265/IB_10265_20230619-150641_hor.png
282,https://vertical.pstatic.net/vertical-cardad/creatives/SS/10427/SS_10427_20241107-171246_ver.png
283,https://vertical.pstatic.net/vertical-cardad/creatives/HD/10248/HD_10248_20230411-002536_ver.png
284,https://vertical.pstatic.net/vertical-cardad/creatives/IB/1889/IB_1889_hor.png
285,https://vertical.pstatic.net/vertical-cardad/creatives/KB/10059/KB_10059_20230308-152907_hor.png
286,https://vertical.pstatic.net/vertical-cardad/creatives/SH/10289/SH_10289_20240813-094210_ver.png
287,https://vertical.pstatic.net/vertical-cardad/creatives/HD/10254/HD_10254_20240726-100525_ver.png
288,https://vertical.pstatic.net/vertical-cardad/creatives/NH/3777/NH_3777_20231110-153503_hor.png
289,https://vertical.pstatic.net/vertical-cardad/creatives/KB/10058/KB_10058_20210817-151322_ver.png
290,https://vertical.pstatic.net/vertical-cardad/creatives/SS/1597/SS_1597_20230103-174800_hor.png
291,https://vertical.pstatic.net/vertical-cardad/creatives/NH/10287/NH_10287_20230811-154924_ver.png
292,https://vertical.pstatic.net/vertical-cardad/creatives/HD/10392/HD_10392_20240704-174807_ver.png
293,https://vertical.pstatic.net/vertical-cardad/creatives/LO/10277/LO_10277_20230717-164350_hor.png
294,https://vertical.pstatic.net/vertical-cardad/creatives/NH/10211/NH_10211_20221221-101322_hor.png
295,https://vertical.pstatic.net/vertical-cardad/creatives/HC/10098/HC_10098_20211014-112717_hor.png
296,https://vertical.pstatic.net/vertical-cardad/creatives/SH/3636/SH_3636_hor.png
297,https://vertical.pstatic.net/vertical-cardad/creatives/IB/10283/IB_10283_20230719-173205_hor.png
298,https://vertical.pstatic.net/vertical-cardad/creatives/SS/10118/SS_10118_20230103-181130_ver.png
299,https://vertical.pstatic.net/vertical-cardad/creatives/HD/10393/HD_10393_20240704-174740_ver.png
300,https://vertical.pstatic.net/vertical-cardad/creatives/SH/3816/SH_3816_ver.png
301,https://vertical.pstatic.net/vertical-cardad/creatives/SH/10057/SH_10057_20210528-113059_hor.png
302,https://vertical.pstatic.net/vertical-cardad/creatives/IB/1573/IB_1573_hor.png
303,https://vertical.pstatic.net/vertical-cardad/creatives/SS/205/SS_205_20230103-175618_hor.png
304,https://vertical.pstatic.net/vertical-cardad/creatives/KB/10419/KB_10419_20241028-085134_ver.png
305,https://vertical.pstatic.net/vertical-cardad/creatives/LO/10227/LO_10227_20230131-123810_ver.png
306,https://vertical.pstatic.net/vertical-cardad/creatives/SH/10201/SH_10201_20240415-144041_ver.png
307,https://vertical.pstatic.net/vertical-cardad/creatives/SS/10049/SS_10049_20230103-180448_hor.png
308,https://vertical.pstatic.net/vertical-cardad/creatives/NH/2414/NH_2414_hor.png
309,https://vertical.pstatic.net/vertical-cardad/creatives/SS/4048/SS_4048_20230103-175600_hor.png
310,https://vertical.pstatic.net/vertical-cardad/creatives/HC/1157/HC_1157_20210527-135918_hor.png
311,https://vertical.pstatic.net/vertical-cardad/creatives/LO/3977/LO_3977_hor.png
312,https://vertical.pstatic.net/vertical-cardad/creatives/IB/10299/IB_10299_20231031-163546_hor.png
313,https://vertical.pstatic.net/vertical-cardad/creatives/HC/1158/HC_1158_20210122-150040_hor.png
